{
  "mode": "simulated",
  "channels": [
    "sim_ai0"
  ],
  "sample_rate_hz": 1024.0,
  "duration_s": 1.0,
  "samples_per_channel": 1024,
  "sensor_sensitivity_mv_per_g": 100.0,
  "min_g": -50.0,
  "max_g": 50.0,
  "excitation_current_a": 0.004,
  "coupling": "AC",
  "settle_s": 0.5,
  "stats": [
    {
      "channel": "sim_ai0",
      "mean_g": 3.469446951953614e-18,
      "rms_g": 0.575716944339838,
      "min_g": -0.8688687315629795,
      "max_g": 0.8688687315629795,
      "peak_to_peak_g": 1.737737463125959
    }
  ]
}