{
  "pre1_post5_max0.5": {
    "cDAQ9185-254D6AAMod1/ai1 minus cDAQ9185-254D6AAMod1/ai0": {
      "median_lag_us": 213.8035245147821,
      "mean_lag_us": 214.59332275538716,
      "std_lag_us": 13.429704887258946,
      "mean_abs_corr": 0.5046916211418501,
      "lags_us": [
        185.3578045346558,
        201.99441123600386,
        213.67526765635924,
        209.7175058888849,
        217.77646547591272,
        213.8035245147821,
        232.33787310268855,
        209.32155600030137,
        220.3037521027476,
        230.72505491190893,
        225.51333488501373
      ],
      "abs_corr": [
        0.522631430837102,
        0.49615473213024724,
        0.48719798361579447,
        0.49439459806197167,
        0.4836062992524981,
        0.489816724319998,
        0.4783004170973907,
        0.5342826511082808,
        0.5262803871824595,
        0.5102954679952336,
        0.5286471409593745
      ]
    },
    "cDAQ9185-254D6AAMod1/ai2 minus cDAQ9185-254D6AAMod1/ai0": {
      "median_lag_us": 4.06350787374266,
      "mean_lag_us": 11.724756357558787,
      "std_lag_us": 12.644559484724297,
      "mean_abs_corr": 0.8565506721273405,
      "lags_us": [
        -1.36363173652371,
        0.4735657772558693,
        1.5335019624731985,
        4.06350787374266,
        3.9997420359319875,
        12.275761567512482,
        2.0177741958723407,
        28.998063314647176,
        32.26663991969411,
        18.000112237884203,
        26.70728278465633
      ],
      "abs_corr": [
        0.9158811714122048,
        0.8960877091227338,
        0.8845259363730492,
        0.8893433852249502,
        0.8724260958972488,
        0.8464028838712884,
        0.873773603127666,
        0.8433872050426197,
        0.7993060244838425,
        0.7996195653751411,
        0.8013038134700012
      ]
    },
    "cDAQ9185-254D6AAMod1/ai2 minus cDAQ9185-254D6AAMod1/ai1": {
      "median_lag_us": -168.76951457831294,
      "mean_lag_us": -214.2027201923281,
      "std_lag_us": 127.20000395265627,
      "mean_abs_corr": 0.5719602985961634,
      "lags_us": [
        -168.1657942485511,
        -170.5705255347745,
        -173.84358566245226,
        -162.01727716228467,
        -168.76951457831294,
        -143.47432753620217,
        -176.49778328625771,
        -113.92774931131383,
        -468.7499999995737,
        -141.4633647963123,
        -468.7499999995737
      ],
      "abs_corr": [
        0.641424453950648,
        0.590800588735163,
        0.5716251720313528,
        0.587239488283343,
        0.5542306233094526,
        0.5546989118173687,
        0.5392225063675429,
        0.5942259541116655,
        0.5732225836752359,
        0.5228450736635211,
        0.5620279286125037
      ]
    }
  },
  "pre2_post8_max1": {
    "cDAQ9185-254D6AAMod1/ai1 minus cDAQ9185-254D6AAMod1/ai0": {
      "median_lag_us": 622.6600468863317,
      "mean_lag_us": 622.6614994783168,
      "std_lag_us": 12.672732655657544,
      "mean_abs_corr": 0.396794432724356,
      "lags_us": [
        594.9805617411113,
        611.6838878367868,
        617.8880646723646,
        616.1612742987687,
        622.4701844980683,
        624.3253647118731,
        622.6600468863317,
        630.5804251944807,
        638.7439188668399,
        630.9606124286671,
        638.822153126193
      ],
      "abs_corr": [
        0.42281853538687136,
        0.4016022009433811,
        0.3944622492072218,
        0.39768013046451345,
        0.37904396643988,
        0.3903847847759861,
        0.36162249005304936,
        0.4195160792529945,
        0.40981273901188237,
        0.3846184616440693,
        0.40317712278806633
      ]
    },
    "cDAQ9185-254D6AAMod1/ai2 minus cDAQ9185-254D6AAMod1/ai0": {
      "median_lag_us": -15.683641143080166,
      "mean_lag_us": -9.00203454288796,
      "std_lag_us": 10.128351784609974,
      "mean_abs_corr": 0.8090960173524429,
      "lags_us": [
        -17.97187674412007,
        -17.644638769456815,
        -17.6335019135261,
        -16.03555500632178,
        -15.683641143080166,
        -8.780163582049383,
        -17.010158089172286,
        5.235439642360685,
        7.430337289656545,
        -3.5765992802276925,
        2.6479776241694934
      ],
      "abs_corr": [
        0.8505432684468069,
        0.834325900918405,
        0.8263904364420308,
        0.832537462589138,
        0.8153924807292858,
        0.8076790269069278,
        0.8173573616820984,
        0.8090467556506713,
        0.7638025134541989,
        0.7734300292977019,
        0.7695509547596061
      ]
    },
    "cDAQ9185-254D6AAMod1/ai2 minus cDAQ9185-254D6AAMod1/ai1": {
      "median_lag_us": -549.8988448397088,
      "mean_lag_us": -40.1517050460574,
      "std_lag_us": 710.448714415683,
      "mean_abs_corr": 0.5778492671910344,
      "lags_us": [
        -563.7084820124876,
        -559.0308450009227,
        -555.9462118317163,
        -553.1356701576256,
        -549.8988448397088,
        -533.0307736675599,
        -550.4712933728886,
        852.282138248477,
        862.9026390770538,
        851.6446819485387,
        856.7239061022083
      ],
      "abs_corr": [
        0.6462078394066139,
        0.6095403967749596,
        0.5954522578866926,
        0.5994856866551264,
        0.5720648709665506,
        0.555296230464734,
        0.5618637535600882,
        0.5713280047219851,
        0.5580892604901609,
        0.5335362391708209,
        0.5534773990036461
      ]
    }
  },
  "pre4_post12_max1": {
    "cDAQ9185-254D6AAMod1/ai1 minus cDAQ9185-254D6AAMod1/ai0": {
      "median_lag_us": 628.1506275095912,
      "mean_lag_us": 630.9104806521622,
      "std_lag_us": 15.700351589909175,
      "mean_abs_corr": 0.46667380968930233,
      "lags_us": [
        602.1711939964248,
        615.0682703216492,
        621.8150980926189,
        621.8102866261809,
        628.1176478503791,
        632.7179678956478,
        628.1506275095912,
        641.9859639994302,
        652.4349335666727,
        643.2600274572126,
        652.4832698579758
      ],
      "abs_corr": [
        0.5047888110862678,
        0.48055948767209,
        0.46901934036054066,
        0.4754955460518465,
        0.45961165537429494,
        0.4598463084927255,
        0.43913075468817003,
        0.47565099789944726,
        0.4680154562237853,
        0.4358676423489778,
        0.4654259063841799
      ]
    },
    "cDAQ9185-254D6AAMod1/ai2 minus cDAQ9185-254D6AAMod1/ai0": {
      "median_lag_us": -10.22380690140549,
      "mean_lag_us": -4.647435591618741,
      "std_lag_us": 8.65379807642223,
      "mean_abs_corr": 0.8100218561760453,
      "lags_us": [
        -12.598892764478792,
        -12.224307881925029,
        -12.181069841368746,
        -10.371994353983514,
        -10.22380690140549,
        -4.307157515966921,
        -11.327398224647235,
        7.5045918044585695,
        9.2747104881103,
        -0.01601957014550283,
        5.349553253546204
      ],
      "abs_corr": [
        0.8341753919350277,
        0.8227018291084359,
        0.8164690968094586,
        0.8243583705285306,
        0.810348738803421,
        0.8103934409838617,
        0.8092801763857561,
        0.8223581133041951,
        0.7843697182126561,
        0.7875704458576609,
        0.7882150960074921
      ]
    },
    "cDAQ9185-254D6AAMod1/ai2 minus cDAQ9185-254D6AAMod1/ai1": {
      "median_lag_us": -553.5583068380714,
      "mean_lag_us": -543.7287019193742,
      "std_lag_us": 16.36045461333128,
      "mean_abs_corr": 0.5601587998988872,
      "lags_us": [
        -562.3718620951172,
        -559.4431669666495,
        -557.1419591691771,
        -555.6408418946729,
        -553.8173110569401,
        -541.1914454581506,
        -553.5583068380714,
        -527.90675282849,
        -518.322803924844,
        -528.7747199099362,
        -522.8465509710666
      ],