{
  "mode": "nidaqmx",
  "channels": [
    "cDAQ9185-254D6AAMod1/ai0",
    "cDAQ9185-254D6AAMod1/ai1",
    "cDAQ9185-254D6AAMod1/ai2",
    "cDAQ9185-254D6AAMod1/ai3"
  ],
  "sample_rate_hz": 5120.0,
  "duration_s": 1.0,
  "samples_per_channel": 5120,
  "sensor_sensitivity_mv_per_g": 100.0,
  "min_g": -50.0,
  "max_g": 50.0,
  "excitation_current_a": 0.004,
  "coupling": "AC",
  "settle_s": 0.5,
  "stats": [
    {
      "channel": "cDAQ9185-254D6AAMod1/ai0",
      "mean_g": 4.927843139594969,
      "rms_g": 5.947915204734581,
      "min_g": 1.25078387863,
      "max_g": 13.478574544870002,
      "peak_to_peak_g": 12.22779066624
    },
    {
      "channel": "cDAQ9185-254D6AAMod1/ai1",
      "mean_g": 14.787157261726591,
      "rms_g": 18.584922491295377,
      "min_g": 2.71826707396,
      "max_g": 44.16540903688,
      "peak_to_peak_g": 41.44714196292
    },
    {
      "channel": "cDAQ9185-254D6AAMod1/ai2",
      "mean_g": 6.29300458811361,
      "rms_g": 7.256840889899194,
      "min_g": 2.0765298716,
      "max_g": 15.08781916232,
      "peak_to_peak_g": 13.01128929072
    },
    {
      "channel": "cDAQ9185-254D6AAMod1/ai3",
      "mean_g": 14.196113794827298,
      "rms_g": 17.964209520214126,
      "min_g": 2.5957277274400004,
      "max_g": 43.17497057272001,
      "peak_to_peak_g": 40.57924284528001
    }
  ]
}